T,dof,alternative,p-val,CI95%,cohen-d,BF10,power,BF01
1.4583264416159523,152.448261904604,two-sided,0.14680772257797503,[-0.01  0.05],0.22915389245561948,0.4517553468805624,0.3052156555314241,2.213587524542096
