T,dof,alternative,p-val,CI95%,cohen-d,BF10,power
3.0735150015811903,143.70686419813478,two-sided,0.0025319295551002124,[0.14 0.65],0.48295628882147607,12.301,0.8632532401971907
