T,dof,alternative,p-val,CI95%,cohen-d,BF10,power
0.754002151883025,161.99370645187372,two-sided,0.45194252149850944,[-0.02  0.04],0.11773765917425354,0.219,0.11639675195891325
