T,dof,alternative,p-val,CI95%,cohen-d,BF10,power
-0.8550455251400106,13.790861052416227,two-sided,0.4071356172581786,[-0.59  0.25],0.25484793300894193,0.434,0.11392547212281906
