T,dof,alternative,p-val,CI95%,cohen-d,BF10,power
1.4583264416159523,152.448261904604,two-sided,0.14680772257797498,[-0.01  0.05],0.22915389245561948,0.4517553468805624,0.30521565553142416
